genre,mID
Drama,tt5715874
Horror,tt5715874
Mystery,tt5715874
Thriller,tt5715874
Action,tt2382320
Adventure,tt2382320
Thriller,tt2382320
Crime,tt0110912
Drama,tt0110912
Action,tt0993840
Crime,tt0993840
Horror,tt0993840
Sci-Fi,tt0993840
Thriller,tt0993840
Comedy,tt10366460
Drama,tt10366460
Music,tt10366460
Crime,tt3402236
Drama,tt3402236
Mystery,tt3402236
Action,tt12412888
Adventure,tt12412888
Comedy,tt12412888
Family,tt12412888
Fantasy,tt12412888
Sci-Fi,tt12412888
Drama,tt10406596
Horror,tt10406596
Crime,tt3581652
Drama,tt3581652
Musical,tt3581652
Romance,tt3581652
Adventure,tt9243804
Drama,tt9243804
Fantasy,tt9243804
Action,tt5834426
Adventure,tt5834426
Sci-Fi,tt5834426
Action,tt6920084
Horror,tt6920084
Sci-Fi,tt6920084
Animation,tt6467266
Adventure,tt6467266
Comedy,tt6467266
Family,tt6467266
Musical,tt6467266
Animation,tt2948356
Adventure,tt2948356
Comedy,tt2948356
Crime,tt2948356
Family,tt2948356
Mystery,tt2948356
Documentary,tt8430054
Animation,tt8430054
Biography,tt8430054
Drama,tt8430054
Animation,tt2953050
Comedy,tt2953050
Family,tt2953050
Fantasy,tt2953050
Musical,tt2953050
Action,tt1745960
Drama,tt1745960
Action,tt1856101
Drama,tt1856101
Mystery,tt1856101
Sci-Fi,tt1856101
Thriller,tt1856101
Drama,tt10095582
Thriller,tt10095582
War,tt10095582
Action,tt9032400
Adventure,tt9032400
Fantasy,tt9032400
Sci-Fi,tt9032400
Action,tt10323676
Thriller,tt10323676
Biography,tt9115530
Drama,tt9115530
Romance,tt9115530
Comedy,tt6751668
Drama,tt6751668
Horror,tt6751668
Thriller,tt6751668
Action,tt12361974
Adventure,tt12361974
Fantasy,tt12361974
Sci-Fi,tt12361974
Action,tt6710474
Adventure,tt6710474
Comedy,tt6710474
Fantasy,tt6710474
Sci-Fi,tt6710474
Documentary,tt11466222
Action,tt11466222
Comedy,tt11466222
Comedy,tt8847712
Drama,tt8847712
Romance,tt8847712
Drama,tt5726616
Romance,tt5726616
Drama,tt9411972
Mystery,tt9411972
Animation,tt8115900
Adventure,tt8115900
Comedy,tt8115900
Crime,tt8115900
Family,tt8115900
Adventure,tt4123430
Family,tt4123430
Fantasy,tt4123430
Drama,tt2322441
Romance,tt2322441
Thriller,tt2322441
Crime,tt15033192
Drama,tt15033192
Thriller,tt15033192
Animation,tt9464038
Short,tt9464038
Fantasy,tt9464038
Romance,tt9464038
Biography,tt12789558
Drama,tt12789558
History,tt12789558
Biography,tt11324406
Crime,tt11324406
Drama,tt11324406
Mystery,tt11324406
Thriller,tt11324406
Animation,tt13634480
Adventure,tt13634480
Comedy,tt13634480
Family,tt13634480
Animation,tt7978758
Adventure,tt7978758
Drama,tt7978758
Family,tt7978758
Sci-Fi,tt7978758
Action,tt0119173
Drama,tt0119173
War,tt0119173
Action,tt1160419
Adventure,tt1160419
Drama,tt1160419
Sci-Fi,tt1160419
Adventure,tt3228774
Comedy,tt3228774
Crime,tt3228774
Drama,tt3228774
Drama,tt8772262
Horror,tt8772262
Mystery,tt8772262
Thriller,tt8772262
Adventure,tt0816692
Drama,tt0816692
Sci-Fi,tt0816692
Adventure,tt4123432
Family,tt4123432
Fantasy,tt4123432
Drama,tt14039582
Crime,tt0077413
Drama,tt0077413
Mystery,tt0077413
Crime,tt0144084
Drama,tt0144084
Horror,tt0144084
Crime,tt11214590
Drama,tt11214590
Horror,tt5052448
Mystery,tt5052448
Thriller,tt5052448
Action,tt13320622
Adventure,tt13320622
Comedy,tt13320622
Romance,tt13320622
Drama,tt13841850
Horror,tt13841850
Sci-Fi,tt13841850
Action,tt11138512
Adventure,tt11138512
Drama,tt11138512
Fantasy,tt11138512
History,tt11138512
Thriller,tt11138512
Action,tt9419884
Adventure,tt9419884
Fantasy,tt9419884
Horror,tt9419884
Sci-Fi,tt9419884
Comedy,tt15374070
Horror,tt15374070
Music,tt15374070
Action,tt8178634
Drama,tt8178634
Comedy,tt13610562
Animation,tt8480678
Family,tt8480678
Fantasy,tt8480678
Adventure,tt6705162
Comedy,tt6705162
Family,tt6705162
Romance,tt6705162
Adventure,tt3183660
Family,tt3183660
Fantasy,tt3183660
Action,tt1464335
Adventure,tt1464335
Action,tt0468569
Crime,tt0468569
Drama,tt0468569
Thriller,tt0468569
Crime,tt7657566
Drama,tt7657566
Mystery,tt7657566
Drama,tt3281548
Romance,tt3281548
Drama,tt9639470
Horror,tt9639470
Mystery,tt9639470
Thriller,tt9639470
Action,tt1843303
Adventure,tt1843303
Comedy,tt1843303
Fantasy,tt1843303
Horror,tt1843303
Sci-Fi,tt1843303
Thriller,tt1843303
Animation,tt3521164
Adventure,tt3521164
Comedy,tt3521164
Family,tt3521164
Fantasy,tt3521164
Musical,tt3521164
Action,tt11291274
Comedy,tt11291274
Crime,tt11291274
Thriller,tt11291274
Horror,tt11245972
Mystery,tt11245972
Thriller,tt11245972
Drama,tt2180339
Mystery,tt2180339
Thriller,tt2180339
Action,tt5108870
Adventure,tt5108870
Horror,tt5108870
Sci-Fi,tt5108870
Thriller,tt5108870
Action,tt4244994
Drama,tt4244994
History,tt4244994
Thriller,tt4244994
Drama,tt10944760
Horror,tt10944760
Sci-Fi,tt10944760
Thriller,tt10944760
Action,tt9376612
Adventure,tt9376612
Fantasy,tt9376612
Sci-Fi,tt9376612
Drama,tt11286210
Horror,tt11286210
Mystery,tt11286210
Thriller,tt11286210
Drama,tt13235822
Horror,tt13235822
Mystery,tt13235822
Drama,tt1051906
Horror,tt1051906
Mystery,tt1051906
Sci-Fi,tt1051906
Thriller,tt1051906
Short,tt11924384
Drama,tt11924384
Mystery,tt11924384
Thriller,tt11924384
Adventure,tt0241527
Family,tt0241527
Fantasy,tt0241527
Animation,tt3794354
Action,tt3794354
Adventure,tt3794354
Comedy,tt3794354
Family,tt3794354
Fantasy,tt3794354
Sci-Fi,tt3794354
Action,tt4154796
Adventure,tt4154796
Drama,tt4154796
Sci-Fi,tt4154796
Animation,tt12801262
Adventure,tt12801262
Comedy,tt12801262
Family,tt12801262
Fantasy,tt12801262
Animation,tt0351283
Adventure,tt0351283
Comedy,tt0351283
Family,tt0351283
Drama,tt4263482
Fantasy,tt4263482
History,tt4263482
Horror,tt4263482
Mystery,tt4263482
Thriller,tt4263482
Fantasy,tt9907782
Horror,tt9907782
Mystery,tt9907782
Crime,tt7740496
Drama,tt7740496
Thriller,tt7740496
Animation,tt8097030
Adventure,tt8097030
Comedy,tt8097030
Family,tt8097030
Fantasy,tt8097030
Action,tt4998632
Crime,tt4998632
Drama,tt4998632
Thriller,tt4998632
Comedy,tt11271038
Drama,tt11271038
Romance,tt11271038
Drama,tt10954652
Horror,tt10954652
Mystery,tt10954652
Thriller,tt10954652
Comedy,tt13403046
Horror,tt13403046
Thriller,tt13403046
Comedy,tt10223460
Music,tt10223460
Romance,tt10223460
Animation,tt7979580
Adventure,tt7979580
Comedy,tt7979580
Family,tt7979580
Sci-Fi,tt7979580
Comedy,tt11286314
Drama,tt11286314
Sci-Fi,tt11286314
Comedy,tt7131622
Drama,tt7131622
Animation,tt0110357
Adventure,tt0110357
Drama,tt0110357
Family,tt0110357
Musical,tt0110357
Comedy,tt11252248
Drama,tt2184390
Horror,tt2184390
Thriller,tt2184390
Animation,tt10298810
Action,tt10298810
Adventure,tt10298810
Drama,tt10298810
Family,tt10298810
Sci-Fi,tt10298810
Crime,tt11755740
Horror,tt11755740
Thriller,tt11755740
Crime,tt5537002
Drama,tt5537002
History,tt5537002
Mystery,tt5537002
Thriller,tt5537002
Western,tt5537002
Action,tt1345836
Crime,tt1345836
Drama,tt1345836
Action,tt6334354
Adventure,tt6334354
Comedy,tt6334354
Sci-Fi,tt6334354
Drama,tt8296030
Horror,tt8296030
Action,tt2463208
Adventure,tt2463208
Comedy,tt2463208
Sci-Fi,tt2463208
Comedy,tt10370710
Drama,tt10370710
Romance,tt10370710
Drama,tt0120338
Romance,tt0120338
Crime,tt0068646
Drama,tt0068646
Action,tt1386697
Adventure,tt1386697
Fantasy,tt1386697
Sci-Fi,tt1386697
Action,tt0092099
Drama,tt0092099
Animation,tt5109280
Action,tt5109280
Adventure,tt5109280
Comedy,tt5109280
Drama,tt5109280
Family,tt5109280
Fantasy,tt5109280
Horror,tt0117571
Mystery,tt0117571
Animation,tt3470600
Comedy,tt3470600
Family,tt3470600
Musical,tt3470600
Animation,tt4633694
Action,tt4633694
Adventure,tt4633694
Comedy,tt4633694
Family,tt4633694
Fantasy,tt4633694
Sci-Fi,tt4633694
Drama,tt10293406
Romance,tt10293406
Western,tt10293406
Horror,tt10665338
Thriller,tt10665338
Drama,tt7984734
Fantasy,tt7984734
History,tt7984734
Horror,tt7984734
Mystery,tt7984734
Thriller,tt7984734
Action,tt1877830
Crime,tt1877830
Drama,tt1877830
Mystery,tt1877830
Action,tt10648342
Adventure,tt10648342
Fantasy,tt10648342
Comedy,tt12585076
Romance,tt12585076
Sci-Fi,tt12585076
Adventure,tt4513678
Comedy,tt4513678
Fantasy,tt4513678
Sci-Fi,tt4513678
Animation,tt0382932
Adventure,tt0382932
Comedy,tt0382932
Family,tt0382932
Fantasy,tt0382932
Action,tt10838180
Sci-Fi,tt10838180
Biography,tt9620288
Drama,tt9620288
Sport,tt9620288
Action,tt10872600
Adventure,tt10872600
Fantasy,tt10872600
Sci-Fi,tt10872600
Action,tt14060094
Thriller,tt14060094
Action,tt0087182
Adventure,tt0087182
Sci-Fi,tt0087182
Action,tt6856242
Adventure,tt6856242
Thriller,tt6856242
Horror,tt13560574
Crime,tt14114802
Drama,tt14114802
Thriller,tt14114802
Drama,tt11127680
Thriller,tt11127680
Biography,tt1655389
Drama,tt1655389
Mystery,tt1655389
Romance,tt1655389
Thriller,tt1655389
Animation,tt0317219
Adventure,tt0317219
Comedy,tt0317219
Family,tt0317219
Sport,tt0317219
Crime,tt0055614
Drama,tt0055614
Musical,tt0055614
Romance,tt0055614
Action,tt11198330
Adventure,tt11198330
Drama,tt11198330
Fantasy,tt11198330
Romance,tt11198330
Animation,tt14331144
Action,tt14331144
Fantasy,tt14331144
Action,tt6264654
Adventure,tt6264654
Comedy,tt6264654
Fantasy,tt6264654
Sci-Fi,tt6264654
